{"pr":[],"ev":[{"ss":1603976286464,"i":"switch_mainui","l":"switch_mainui","c":1,"t":1603976286466,"d":0,"h":"","p":"","v":0,"at":0,"h5":0,"sign":"","s":"0|"},{"ss":1603976286464,"i":"switchToMainView","l":"switchToMainView","c":1,"t":1603976286466,"d":0,"h":"","p":"","v":0,"at":0,"h5":0,"sign":"","s":"0|"},{"ss":1603976286464,"i":"side_page_shown","l":"side_page_shown","c":1,"t":1603976288125,"d":0,"h":"","p":"","v":0,"at":0,"h5":0,"sign":"","s":"0|"},{"ss":1603976286464,"i":"side_page_setting","l":"side_page_setting","c":1,"t":1603976291032,"d":0,"h":"","p":"","v":0,"at":0,"h5":0,"sign":"","s":"0|"}],"he":{"o":"Android","st":0,"s":"29","sv":"10","k":"dad4e11751","pt":"0-0","i":"","v":"4.0.0.7","sc":0,"a":134,"n":"1.4.4.2","d":"","mc":"UlB+90YzkdOLxyAZuuEDVw==","bm":"5sVfX\/4lEd7A3x8rISfFw9O1eXQnm2ZLIWP9MvFnWjo=","dd":"2Ees9iP1Vln2NcCzcUVVHg==","ii":"MozsxPq8YsMDokLhdYY1JBfj4q0CShDqQFkyH++QhSUwB3qFiw+JHAPeT7oV+v6A","tg":1,"w":1440,"h":3120,"dn":"enytb+ymGB8+9U79tNtLhw==","c":"coolapk","op":"46000","m":"GM1910","ma":"OnePlus","cl":"0_0_0","gl":"","l":"LTE","t":1603976286574,"pn":"wvpJeI7Drt\/o8F385mGQQiqFAR+97I0FswgGk8r61lA=","rom":"","bo":"msmnile","bd":"OnePlus","td":"DB49D6A8CDABBE9E75E2CFF0F4F123AA","tv":29,"user_property":"","od":"pSx3piqrtcuuN25IcN2bNA==","out_od":"pSx3piqrtcuuN25IcN2bNA==","from":"0","gaid":"pSx3piqrtcuuN25IcN2bNA==","iid":"pSx3piqrtcuuN25IcN2bNA==","ii3":"pSx3piqrtcuuN25IcN2bNA==","ssaid":"pSx3piqrtcuuN25IcN2bNA==","im":"","uid_change":"","at":"0","pl":"","scl":"","sign":"9683d45e12814054aef59a298e6c3ed0","push":{},"uid":"","startType":"0"}}